Country,2020,2021,2022,2023,2024,2025
India,1380,1398,1412,1425,1438,1450
China,1411,1412,1412,1411,1410,1409
United States,331,332,334,340,344,347
Indonesia,274,276,278,281,283,285
Pakistan,220,225,230,236,245,255
Nigeria,206,211,216,221,227,232
Brazil,213,214,215,216,212,212
Bangladesh,165,167,169,171,173,173
Russia,144,144,144,144,144,144
Mexico,129,130,128,129,130,130
Ethiopia,115,117,120,123,126,129
Japan,126,125,125,124,124,123
Philippines,110,112,113,114,115,116
Egypt,102,105,107,111,114,118
Vietnam,97,98,99,100,101,101
Germany,83,83,84,84,84,84
